#
# Ignore insert values for virtual columns
#
for master_1
for child2
child2_1
child2_2
child2_3
for child3
child3_1
child3_2
child3_3

drop and create databases
connection master_1;
DROP DATABASE IF EXISTS auto_test_local;
CREATE DATABASE auto_test_local;
USE auto_test_local;
connection child2_1;
DROP DATABASE IF EXISTS auto_test_remote;
CREATE DATABASE auto_test_remote;
USE auto_test_remote;
connection child2_2;
DROP DATABASE IF EXISTS auto_test_remote_2;
CREATE DATABASE auto_test_remote_2;
USE auto_test_remote_2;
id varchar(128) NOT NULL, object json DEFAULT NULL, vcol1 varchar(64) GENERATED ALWAYS AS (json_unquote(json_extract(object,_utf8'$.content."number"'))) VIRTUAL, PRIMARY KEY (id), KEY k_vcol1 (vcol1)

create table for child
connection child2_1;
CHILD2_1_DROP_TABLES
CHILD2_1_CREATE_TABLES
connection child2_2;
CHILD2_2_DROP_TABLES
CHILD2_2_CREATE_TABLES

create table for master
connection master_1;
DROP TABLE IF EXISTS t1;;
CREATE TABLE t1 (id varchar(128) NOT NULL, object json DEFAULT NULL, vcol1 varchar(64) GENERATED ALWAYS AS (json_unquote(json_extract(object,_utf8'$.content."number"'))) VIRTUAL, PRIMARY KEY (id), KEY k_vcol1 (vcol1))ENGINE=Spider DEFAULT CHARSET=utf8 PARTITION BY LIST (CRC32(id) % 2)( PARTITION `pt0` VALUES IN (0) COMMENT = 'database "auto_test_remote", table "t1", srv "s_2_1",aim "0"', PARTITION `pt1` VALUES IN (1) COMMENT = 'database "auto_test_remote_2", table "t1", srv "s_2_2",aim "1"');;
connection master_1;
SET @old_log_output = @@global.log_output;
SET @old_general_log = @@global.general_log;
SET @old_spider_general_log = @@global.spider_general_log;
SET GLOBAL log_output = 'TABLE';
SET GLOBAL general_log = 1;
SET GLOBAL spider_general_log = 1;
TRUNCATE TABLE mysql.general_log;
connection master_1;
USE auto_test_local;
INSERT INTO t1(id, object) VALUES (7, '{"content":{"number": 7}}');
SELECT argument FROM mysql.general_log WHERE argument LIKE '%insert%';
argument
INSERT INTO t1(id, object) VALUES (7, '{"content":{"number": 7}}')
mysql localhost 3306 insert into `auto_test_remote`.`t1`(`id`,`object`)values('7','{\"content\":{\"number\": 7}}')
SELECT argument FROM mysql.general_log WHERE argument LIKE '%insert%'
TRUNCATE TABLE mysql.general_log;
connection master_1;
SET GLOBAL log_output = @old_log_output;
SET GLOBAL general_log = @old_general_log;
SET GLOBAL spider_general_log = @old_spider_general_log;
TRUNCATE TABLE mysql.general_log;

deinit
connection master_1;
DROP DATABASE IF EXISTS auto_test_local;
connection child2_1;
DROP DATABASE IF EXISTS auto_test_remote;
connection child2_2;
DROP DATABASE IF EXISTS auto_test_remote_2;
for master_1
for child2
child2_1
child2_2
child2_3
for child3
child3_1
child3_2
child3_3

end of test
