for master_1
for child2
child2_1
child2_2
child2_3
for child3
child3_1
child3_2
child3_3

drop and create databases
connection master_1;
DROP DATABASE IF EXISTS auto_test_local;
CREATE DATABASE auto_test_local;
USE auto_test_local;
connection child2_1;
DROP DATABASE IF EXISTS auto_test_remote;
CREATE DATABASE auto_test_remote;
USE auto_test_remote;
connection child2_2;
DROP DATABASE IF EXISTS auto_test_remote_2;
CREATE DATABASE auto_test_remote_2;
USE auto_test_remote_2;

create table for child
connection child2_1;
CHILD2_1_DROP_TABLES
CHILD2_1_CREATE_TABLES
connection child2_2;
CHILD2_2_DROP_TABLES
CHILD2_2_CREATE_TABLES

create table for master
connection master_1;
DROP TABLE IF EXISTS t1;;
CREATE TABLE t1 (a int(11) NOT NULL, b bigint(20) NOT NULL, c text DEFAULT NULL, d bigint(20) DEFAULT NULL, KEY ind_b (b))ENGINE=Spider DEFAULT CHARSET=utf8 PARTITION BY LIST (b % 2)( PARTITION `pt0` VALUES IN (0) COMMENT = 'database "auto_test_remote", table "t1", srv "s_2_1",aim "0"', PARTITION `pt1` VALUES IN (1) COMMENT = 'database "auto_test_remote_2", table "t1", srv "s_2_2",aim "1"');;

test
connection master_1;
SHOW CREATE TABLE t1;
Table	Create Table
t1	CREATE TABLE `t1` (
  `a` int(11) NOT NULL,
  `b` bigint(20) NOT NULL,
  `c` text DEFAULT NULL,
  `d` bigint(20) DEFAULT NULL,
  KEY `ind_b` (`b`)
) ENGINE=SPIDER DEFAULT CHARSET=utf8
 PARTITION BY LIST (`b` MOD 2)
(PARTITION `pt0` VALUES IN (0) COMMENT = 'database "auto_test_remote", table "t1", srv "s_2_1",aim "0"' ENGINE = SPIDER,
 PARTITION `pt1` VALUES IN (1) COMMENT = 'database "auto_test_remote_2", table "t1", srv "s_2_2",aim "1"' ENGINE = SPIDER)
insert into t1 values (20201218,1608298440000,0,289),
(20201218,1608265200000,0,296),
(20201218,1608293100000,0,291),
(20201218,1608293100000,0,291),
(20201218,1608298380000,0,291),
(20201218,1608265020000,0,291),
(20201218,1608293400000,0,296),
(20201218,1608294060000,0,289),
(20201218,1608298620000,0,289),
(20201218,1608298800000,0,290),
(20201218,1608265320000,0,296),
(20201218,1608293940000,0,290),
(20201218,1608298920000,0,291),
(20201218,1608298920000,0,291),
(20201218,1608293520000,0,298),
(20201218,1608293520000,0,298),
(20201218,1608298980000,0,290),
(20201218,1608299160000,0,291),
(20201218,1608299640000,0,289),
(20201218,1608265260000,0,295),
(20201218,1608265260000,0,295),
(20201218,1608299520000,0,289),
(20201218,1608294000000,0,291),
(20201218,1608294000000,0,291),
(20201218,1608299040000,0,291),
(20201218,1608299700000,0,289),
(20201218,1608265080000,0,293),
(20201218,1608298860000,0,291),
(20201218,1608293700000,0,296),
(20201218,1608293700000,0,296),
(20201218,1608293760000,0,295),
(20201218,1608299460000,0,289),
(20201218,1608298500000,0,289),
(20201218,1608264960000,0,289),
(20201218,1608293580000,0,295),
(20201218,1608265140000,0,293),
(20201218,1608265140000,0,293),
(20201218,1608293220000,0,292),
(20201218,1608293880000,0,291),
(20201218,1608298320000,0,290),
(20201218,1608299280000,0,290),
(20201218,1608265500000,0,291),
(20201218,1608265560000,0,290),
(20201218,1608265560000,0,290),
(20201218,1608293160000,0,291),
(20201218,1608293640000,0,295),
(20201218,1608293820000,0,295),
(20201218,1608299220000,0,289),
(20201218,1608293340000,0,294),
(20201218,1608293460000,0,298),
(20201218,1608264840000,0,291),
(20201218,1608264840000,0,291),
(20201218,1608265440000,0,292),
(20201218,1608293040000,0,291),
(20201218,1608265380000,0,293),
(20201218,1608298560000,0,289),
(20201218,1608264900000,0,293),
(20201218,1608264780000,0,292),
(20201218,1608299100000,0,293);
SET @save_spider_quick_mode=@@spider_quick_mode;
SET @save_spider_semi_split_read=@@spider_semi_split_read;
SET @save_spider_direct_order_limit=@@spider_direct_order_limit;
SET spider_quick_mode = 1;
SET spider_semi_split_read = 1;
SET spider_direct_order_limit = 9223372036854775807;
select distinct d from t1 where c=0 order by b desc limit 5;
d
289
290
291
293
295
select distinct d from t1 order by b desc limit 5;
d
289
290
291
293
295
select distinct d from t1 where c=0 order by b desc limit 8;
d
289
290
291
293
295
296
298
294
select distinct d from t1 order by b desc limit 8;
d
289
290
291
293
295
296
298
294
SET spider_quick_mode = 0;
SET spider_semi_split_read = 1;
SET spider_direct_order_limit = 9223372036854775807;
select distinct d from t1 where c=0 order by b desc limit 5;
d
289
290
291
293
295
select distinct d from t1 order by b desc limit 5;
d
289
290
291
293
295
select distinct d from t1 where c=0 order by b desc limit 8;
d
289
290
291
293
295
296
298
294
select distinct d from t1 order by b desc limit 8;
d
289
290
291
293
295
296
298
294
SET spider_quick_mode = 1;
SET spider_semi_split_read = 0;
SET spider_direct_order_limit = 9223372036854775807;
select distinct d from t1 where c=0 order by b desc limit 5;
d
289
290
291
293
295
select distinct d from t1 order by b desc limit 5;
d
289
290
291
293
295
select distinct d from t1 where c=0 order by b desc limit 8;
d
289
290
291
293
295
296
298
294
select distinct d from t1 order by b desc limit 8;
d
289
290
291
293
295
296
298
294
SET spider_quick_mode = 0;
SET spider_semi_split_read = 0;
SET spider_direct_order_limit = 9223372036854775807;
select distinct d from t1 where c=0 order by b desc limit 5;
d
289
290
291
293
295
select distinct d from t1 order by b desc limit 5;
d
289
290
291
293
295
select distinct d from t1 where c=0 order by b desc limit 8;
d
289
290
291
293
295
296
298
294
select distinct d from t1 order by b desc limit 8;
d
289
290
291
293
295
296
298
294
SET spider_quick_mode = 1;
SET spider_semi_split_read = 1;
SET spider_direct_order_limit = 0;
select distinct d from t1 where c=0 order by b desc limit 5;
d
289
290
291
293
295
select distinct d from t1 order by b desc limit 5;
d
289
290
291
293
295
select distinct d from t1 where c=0 order by b desc limit 8;
d
289
290
291
293
295
296
298
294
select distinct d from t1 order by b desc limit 8;
d
289
290
291
293
295
296
298
294
SET spider_quick_mode = 1;
SET spider_semi_split_read = 0;
SET spider_direct_order_limit = 0;
select distinct d from t1 where c=0 order by b desc limit 5;
d
289
290
291
293
295
select distinct d from t1 order by b desc limit 5;
d
289
290
291
293
295
select distinct d from t1 where c=0 order by b desc limit 8;
d
289
290
291
293
295
296
298
294
select distinct d from t1 order by b desc limit 8;
d
289
290
291
293
295
296
298
294
SET spider_quick_mode = 0;
SET spider_semi_split_read = 1;
SET spider_direct_order_limit = 0;
select distinct d from t1 where c=0 order by b desc limit 5;
d
289
290
291
293
295
select distinct d from t1 order by b desc limit 5;
d
289
290
291
293
295
select distinct d from t1 where c=0 order by b desc limit 8;
d
289
290
291
293
295
296
298
294
select distinct d from t1 order by b desc limit 8;
d
289
290
291
293
295
296
298
294
SET spider_quick_mode = 0;
SET spider_semi_split_read = 0;
SET spider_direct_order_limit = 0;
select distinct d from t1 where c=0 order by b desc limit 5;
d
289
290
291
293
295
select distinct d from t1 order by b desc limit 5;
d
289
290
291
293
295
select distinct d from t1 where c=0 order by b desc limit 8;
d
289
290
291
293
295
296
298
294
select distinct d from t1 order by b desc limit 8;
d
289
290
291
293
295
296
298
294
SET spider_quick_mode = 1;
SET spider_semi_split_read = 1;
SET spider_direct_order_limit = -1;
select distinct d from t1 where c=0 order by b desc limit 5;
d
289
290
291
293
295
select distinct d from t1 order by b desc limit 5;
d
289
290
291
293
295
select distinct d from t1 where c=0 order by b desc limit 8;
d
289
290
291
293
295
296
298
294
select distinct d from t1 order by b desc limit 8;
d
289
290
291
293
295
296
298
294
SET spider_quick_mode = 1;
SET spider_semi_split_read = 0;
SET spider_direct_order_limit = -1;
select distinct d from t1 where c=0 order by b desc limit 5;
d
289
290
291
293
295
select distinct d from t1 order by b desc limit 5;
d
289
290
291
293
295
select distinct d from t1 where c=0 order by b desc limit 8;
d
289
290
291
293
295
296
298
294
select distinct d from t1 order by b desc limit 8;
d
289
290
291
293
295
296
298
294
SET spider_quick_mode = 0;
SET spider_semi_split_read = 1;
SET spider_direct_order_limit = -1;
select distinct d from t1 where c=0 order by b desc limit 5;
d
289
290
291
293
295
select distinct d from t1 order by b desc limit 5;
d
289
290
291
293
295
select distinct d from t1 where c=0 order by b desc limit 8;
d
289
290
291
293
295
296
298
294
select distinct d from t1 order by b desc limit 8;
d
289
290
291
293
295
296
298
294
SET spider_quick_mode = 0;
SET spider_semi_split_read = 0;
SET spider_direct_order_limit = -1;
select distinct d from t1 where c=0 order by b desc limit 5;
d
289
290
291
293
295
select distinct d from t1 order by b desc limit 5;
d
289
290
291
293
295
select distinct d from t1 where c=0 order by b desc limit 8;
d
289
290
291
293
295
296
298
294
select distinct d from t1 order by b desc limit 8;
d
289
290
291
293
295
296
298
294

deinit
connection master_1;
DROP DATABASE IF EXISTS auto_test_local;
connection child2_1;
DROP DATABASE IF EXISTS auto_test_remote;
connection child2_2;
DROP DATABASE IF EXISTS auto_test_remote_2;
for master_1
for child2
child2_1
child2_2
child2_3
for child3
child3_1
child3_2
child3_3

end of test
