for master_1
for child2
child2_1
child2_2
child2_3
for child3
child3_1
child3_2
child3_3

drop and create databases
connection master_1;
DROP DATABASE IF EXISTS auto_test_local;
SET @old_log_output = @@global.log_output;
SET @old_log_output1 = @@global.spider_general_log;
SET GLOBAL log_output = 'TABLE,FILE';
set global spider_general_log=1;
TRUNCATE TABLE mysql.general_log;
CREATE DATABASE auto_test_local;
USE auto_test_local;
connection child2_1;
DROP DATABASE IF EXISTS auto_test_remote;
CREATE DATABASE auto_test_remote;
USE auto_test_remote;
connection child2_2;
DROP DATABASE IF EXISTS auto_test_remote_2;
CREATE DATABASE auto_test_remote_2;
USE auto_test_remote_2;

create table for child
connection child2_1;
CHILD2_1_DROP_TABLES
CHILD2_1_CREATE_TABLES
SET @old_log_output = @@global.log_output;
TRUNCATE TABLE mysql.general_log;
set global log_output = 'TABLE';
connection child2_2;
CHILD2_2_DROP_TABLES
CHILD2_2_CREATE_TABLES
SET @old_log_output = @@global.log_output;
TRUNCATE TABLE mysql.general_log;
set global log_output = 'TABLE';

create table for master
connection master_1;
DROP TABLE IF EXISTS ta_l;
CREATE TABLE tbl_a
(id INT PRIMARY KEY, c2 INT) ENGINE=Spider  PARTITION BY LIST (crc32(id)%2)
(PARTITION pt0 VALUES IN (0) COMMENT = 'database "auto_test_remote", table "tbl_a", srv "s_2_1",aim "0"',
PARTITION pt1 VALUES IN (1) COMMENT = 'database "auto_test_remote_2", table "tbl_a", srv "s_2_2",aim "1"');
SET @spider_direct_insert_ignore_bk = @@session.spider_direct_insert_ignore;
SET @spider_direct_dup_insert_bk = @@session.spider_direct_dup_insert;
spider_direct_insert_ignore = 0, spider_direct_dup_insert = 1
SET spider_direct_dup_insert = 1;
SET spider_direct_insert_ignore = 0;
insert into tbl_a values (1, 1), (2, 2), (3, 3), (4, 4), (5, 5), (6, 6);
replace into tbl_a values (1, 1), (2, 5), (3, 8), (7, 6), (8, 5), (9, 6);

select for master
replace test
SELECT * FROM tbl_a ORDER BY id;
id	c2
1	1
2	5
3	8
4	4
5	5
6	6
7	6
8	5
9	6
SELECT argument FROM mysql.general_log WHERE argument LIKE '%mysql% replace %';
argument
mysql localhost 3306 replace into `auto_test_remote`.`tbl_a`(`id`,`c2`)values(7,6)
mysql localhost 3306 replace into `auto_test_remote_2`.`tbl_a`(`id`,`c2`)values(1,1),(2,5),(3,8),(8,5),(9,6)
SELECT argument FROM mysql.general_log WHERE argument LIKE '%mysql% replace %'
connection child2_1;
SELECT argument FROM mysql.general_log WHERE argument LIKE '%replace %';
argument
replace into `auto_test_remote`.`tbl_a`(`id`,`c2`)values(7,6)
SELECT argument FROM mysql.general_log WHERE argument LIKE '%replace %'
connection child2_2;
SELECT argument FROM mysql.general_log WHERE argument LIKE '%replace %';
argument
replace into `auto_test_remote_2`.`tbl_a`(`id`,`c2`)values(1,1),(2,5),(3,8),(8,5),(9,6)
SELECT argument FROM mysql.general_log WHERE argument LIKE '%replace %'
truncate table tbl_a;
SET spider_direct_dup_insert = 1;
SET spider_direct_insert_ignore = 0;
insert into tbl_a values (1, 1), (2, 2), (3, 3), (4, 4), (5, 5), (6, 6);
insert into tbl_a values(100, 2), (101, 3), (2, 2), (5, 5), (1, 1), (6, 6), (9, 10), (77, 5) on duplicate key update c2 = 3;

select for master
duplicate key update test
SELECT * FROM tbl_a ORDER BY id;
id	c2
1	3
2	3
3	3
4	4
5	3
6	3
9	10
77	5
100	2
101	3
SELECT argument FROM mysql.general_log WHERE argument LIKE '%insert %';
argument
insert into `auto_test_remote_2`.`tbl_a`(`id`,`c2`)values(1,1),(2,2),(3,3)
SET spider_direct_dup_insert = 1
insert into tbl_a values (1, 1), (2, 2), (3, 3), (4, 4), (5, 5), (6, 6)
insert into tbl_a values(100, 2), (101, 3), (2, 2), (5, 5), (1, 1), (6, 6), (9, 10), (77, 5) on duplicate key update c2 = 3
SELECT argument FROM mysql.general_log WHERE argument LIKE '%insert %'
connection child2_1;
SELECT argument FROM mysql.general_log WHERE argument LIKE '%insert %';
argument
insert into `auto_test_remote`.`tbl_a`(`id`,`c2`)values(4,4),(5,5),(6,6)
SELECT argument FROM mysql.general_log WHERE argument LIKE '%insert %'
connection child2_2;
SELECT argument FROM mysql.general_log WHERE argument LIKE '%insert %';
argument
insert into `auto_test_remote_2`.`tbl_a`(`id`,`c2`)values(1,1),(2,2),(3,3)
SET spider_direct_dup_insert = 1
insert into tbl_a values (1, 1), (2, 2), (3, 3), (4, 4), (5, 5), (6, 6)
insert into tbl_a values(100, 2), (101, 3), (2, 2), (5, 5), (1, 1), (6, 6), (9, 10), (77, 5) on duplicate key update c2 = 3
SELECT argument FROM mysql.general_log WHERE argument LIKE '%insert %'
SELECT argument FROM mysql.general_log WHERE argument LIKE '%insert %'
truncate table tbl_a;
SET spider_direct_dup_insert = 1;
SET spider_direct_insert_ignore = 0;
insert into tbl_a values (1, 1), (2, 2), (3, 3), (4, 4), (5, 5), (6, 6);
insert ignore into tbl_a values (5, 1), (11, 1), (12, 2), (13, 3), (8, 4);
Warnings:
Warning	1062	Duplicate entry '5' for key 'PRIMARY'

select for master
insert ignore test
SELECT * FROM tbl_a ORDER BY id;
id	c2
1	1
2	2
3	3
4	4
5	5
6	6
8	4
11	1
12	2
13	3
SELECT argument FROM mysql.general_log WHERE argument LIKE '%insert %';
argument
insert into `auto_test_remote_2`.`tbl_a`(`id`,`c2`)values(1,1),(2,2),(3,3)
SET spider_direct_dup_insert = 1
insert into tbl_a values (1, 1), (2, 2), (3, 3), (4, 4), (5, 5), (6, 6)
insert into tbl_a values(100, 2), (101, 3), (2, 2), (5, 5), (1, 1), (6, 6), (9, 10), (77, 5) on duplicate key update c2 = 3
SELECT argument FROM mysql.general_log WHERE argument LIKE '%insert %'
SELECT argument FROM mysql.general_log WHERE argument LIKE '%insert %'
SET spider_direct_dup_insert = 1
insert into tbl_a values (1, 1), (2, 2), (3, 3), (4, 4), (5, 5), (6, 6)
insert ignore into tbl_a values (5, 1), (11, 1), (12, 2), (13, 3), (8, 4)
SELECT argument FROM mysql.general_log WHERE argument LIKE '%insert %'
connection child2_1;
SELECT argument FROM mysql.general_log WHERE argument LIKE '%insert %';
argument
insert into `auto_test_remote`.`tbl_a`(`id`,`c2`)values(4,4),(5,5),(6,6)
SELECT argument FROM mysql.general_log WHERE argument LIKE '%insert %'
SELECT argument FROM mysql.general_log WHERE argument LIKE '%insert %'
connection child2_2;
SELECT argument FROM mysql.general_log WHERE argument LIKE '%insert %';
argument
insert into `auto_test_remote_2`.`tbl_a`(`id`,`c2`)values(1,1),(2,2),(3,3)
SET spider_direct_dup_insert = 1
insert into tbl_a values (1, 1), (2, 2), (3, 3), (4, 4), (5, 5), (6, 6)
insert into tbl_a values(100, 2), (101, 3), (2, 2), (5, 5), (1, 1), (6, 6), (9, 10), (77, 5) on duplicate key update c2 = 3
SELECT argument FROM mysql.general_log WHERE argument LIKE '%insert %'
SELECT argument FROM mysql.general_log WHERE argument LIKE '%insert %'
SET spider_direct_dup_insert = 1
insert into tbl_a values (1, 1), (2, 2), (3, 3), (4, 4), (5, 5), (6, 6)
insert ignore into tbl_a values (5, 1), (11, 1), (12, 2), (13, 3), (8, 4)
SELECT argument FROM mysql.general_log WHERE argument LIKE '%insert %'
SELECT argument FROM mysql.general_log WHERE argument LIKE '%insert %'
spider_ignore_single_select_index = 1, spider_direct_dup_insert = 1
SET spider_direct_dup_insert = 1;
SET spider_direct_insert_ignore = 1;
truncate table tbl_a;
insert into tbl_a values (1, 1), (2, 2), (3, 3), (4, 4), (5, 5), (6, 6);
replace into tbl_a values (1, 1), (2, 5), (3, 8), (7, 6), (8, 5), (9, 6);

select for master
replace test
SELECT * FROM tbl_a ORDER BY id;
id	c2
1	1
2	5
3	8
4	4
5	5
6	6
7	6
8	5
9	6
SELECT argument FROM mysql.general_log WHERE argument LIKE '%mysql% replace %';
argument
SELECT argument FROM mysql.general_log WHERE argument LIKE '%mysql% replace %'
connection child2_1;
SELECT argument FROM mysql.general_log WHERE argument LIKE '%replace %';
argument
replace into `auto_test_remote`.`tbl_a`(`id`,`c2`)values(7,6)
SELECT argument FROM mysql.general_log WHERE argument LIKE '%replace %'
SELECT argument FROM mysql.general_log WHERE argument LIKE '%replace %'
connection child2_2;
SELECT argument FROM mysql.general_log WHERE argument LIKE '%replace %';
argument
replace into `auto_test_remote_2`.`tbl_a`(`id`,`c2`)values(1,1),(2,5),(3,8),(8,5),(9,6)
SELECT argument FROM mysql.general_log WHERE argument LIKE '%replace %'
replace into tbl_a values (1, 1), (2, 5), (3, 8), (7, 6), (8, 5), (9, 6)
SELECT argument FROM mysql.general_log WHERE argument LIKE '%mysql% replace %'
SELECT argument FROM mysql.general_log WHERE argument LIKE '%replace %'
truncate table tbl_a;
SET spider_direct_dup_insert = 1;
SET spider_direct_insert_ignore = 1;
insert into tbl_a values (1, 1), (2, 2), (3, 3), (4, 4), (5, 5), (6, 6);
insert into tbl_a values(100, 2), (101, 3), (2, 2), (5, 5), (1, 1), (6, 6), (9, 10), (77, 5) on duplicate key update c2 = 3;

select for master
duplicate key update test
SELECT * FROM tbl_a ORDER BY id;
id	c2
1	3
2	3
3	3
4	4
5	3
6	3
9	10
77	5
100	2
101	3
SELECT argument FROM mysql.general_log WHERE argument LIKE '%insert %';
argument
insert into `auto_test_remote_2`.`tbl_a`(`id`,`c2`)values(1,1),(2,2),(3,3)
SET spider_direct_dup_insert = 1
insert into tbl_a values (1, 1), (2, 2), (3, 3), (4, 4), (5, 5), (6, 6)
insert into tbl_a values(100, 2), (101, 3), (2, 2), (5, 5), (1, 1), (6, 6), (9, 10), (77, 5) on duplicate key update c2 = 3
SELECT argument FROM mysql.general_log WHERE argument LIKE '%insert %'
SELECT argument FROM mysql.general_log WHERE argument LIKE '%insert %'
SET spider_direct_dup_insert = 1
insert into tbl_a values (1, 1), (2, 2), (3, 3), (4, 4), (5, 5), (6, 6)
insert ignore into tbl_a values (5, 1), (11, 1), (12, 2), (13, 3), (8, 4)
SELECT argument FROM mysql.general_log WHERE argument LIKE '%insert %'
SELECT argument FROM mysql.general_log WHERE argument LIKE '%insert %'
SET spider_direct_dup_insert = 1
insert into tbl_a values (1, 1), (2, 2), (3, 3), (4, 4), (5, 5), (6, 6)
SET spider_direct_dup_insert = 1
insert into tbl_a values (1, 1), (2, 2), (3, 3), (4, 4), (5, 5), (6, 6)
insert into tbl_a values(100, 2), (101, 3), (2, 2), (5, 5), (1, 1), (6, 6), (9, 10), (77, 5) on duplicate key update c2 = 3
SELECT argument FROM mysql.general_log WHERE argument LIKE '%insert %'
connection child2_1;
SELECT argument FROM mysql.general_log WHERE argument LIKE '%insert %';
argument
insert into `auto_test_remote`.`tbl_a`(`id`,`c2`)values(4,4),(5,5),(6,6)
SELECT argument FROM mysql.general_log WHERE argument LIKE '%insert %'
SELECT argument FROM mysql.general_log WHERE argument LIKE '%insert %'
SELECT argument FROM mysql.general_log WHERE argument LIKE '%insert %'
connection child2_2;
SELECT argument FROM mysql.general_log WHERE argument LIKE '%insert %';
argument
insert into `auto_test_remote_2`.`tbl_a`(`id`,`c2`)values(1,1),(2,2),(3,3)
SET spider_direct_dup_insert = 1
insert into tbl_a values (1, 1), (2, 2), (3, 3), (4, 4), (5, 5), (6, 6)
insert into tbl_a values(100, 2), (101, 3), (2, 2), (5, 5), (1, 1), (6, 6), (9, 10), (77, 5) on duplicate key update c2 = 3
SELECT argument FROM mysql.general_log WHERE argument LIKE '%insert %'
SELECT argument FROM mysql.general_log WHERE argument LIKE '%insert %'
SET spider_direct_dup_insert = 1
insert into tbl_a values (1, 1), (2, 2), (3, 3), (4, 4), (5, 5), (6, 6)
insert ignore into tbl_a values (5, 1), (11, 1), (12, 2), (13, 3), (8, 4)
SELECT argument FROM mysql.general_log WHERE argument LIKE '%insert %'
SELECT argument FROM mysql.general_log WHERE argument LIKE '%insert %'
SET spider_direct_dup_insert = 1
insert into tbl_a values (1, 1), (2, 2), (3, 3), (4, 4), (5, 5), (6, 6)
SET spider_direct_dup_insert = 1
insert into tbl_a values (1, 1), (2, 2), (3, 3), (4, 4), (5, 5), (6, 6)
insert into tbl_a values(100, 2), (101, 3), (2, 2), (5, 5), (1, 1), (6, 6), (9, 10), (77, 5) on duplicate key update c2 = 3
SELECT argument FROM mysql.general_log WHERE argument LIKE '%insert %'
SELECT argument FROM mysql.general_log WHERE argument LIKE '%insert %'
truncate table tbl_a;
SET spider_direct_dup_insert = 1;
SET spider_direct_insert_ignore = 1;
insert into tbl_a values (1, 1), (2, 2), (3, 3), (4, 4), (5, 5), (6, 6);
insert ignore into tbl_a values (5, 1), (11, 1), (12, 2), (13, 3), (8, 4);
Warnings:
Warning	1062	Duplicate entry '5' for key 'PRIMARY'

select for master
insert ignore test
SELECT * FROM tbl_a ORDER BY id;
id	c2
1	1
2	2
3	3
4	4
5	5
6	6
8	4
11	1
12	2
13	3
SELECT argument FROM mysql.general_log WHERE argument LIKE '%insert %';
argument
insert into `auto_test_remote_2`.`tbl_a`(`id`,`c2`)values(1,1),(2,2),(3,3)
SET spider_direct_dup_insert = 1
insert into tbl_a values (1, 1), (2, 2), (3, 3), (4, 4), (5, 5), (6, 6)
insert into tbl_a values(100, 2), (101, 3), (2, 2), (5, 5), (1, 1), (6, 6), (9, 10), (77, 5) on duplicate key update c2 = 3
SELECT argument FROM mysql.general_log WHERE argument LIKE '%insert %'
SELECT argument FROM mysql.general_log WHERE argument LIKE '%insert %'
SET spider_direct_dup_insert = 1
insert into tbl_a values (1, 1), (2, 2), (3, 3), (4, 4), (5, 5), (6, 6)
insert ignore into tbl_a values (5, 1), (11, 1), (12, 2), (13, 3), (8, 4)
SELECT argument FROM mysql.general_log WHERE argument LIKE '%insert %'
SELECT argument FROM mysql.general_log WHERE argument LIKE '%insert %'
SET spider_direct_dup_insert = 1
insert into tbl_a values (1, 1), (2, 2), (3, 3), (4, 4), (5, 5), (6, 6)
SET spider_direct_dup_insert = 1
insert into tbl_a values (1, 1), (2, 2), (3, 3), (4, 4), (5, 5), (6, 6)
insert into tbl_a values(100, 2), (101, 3), (2, 2), (5, 5), (1, 1), (6, 6), (9, 10), (77, 5) on duplicate key update c2 = 3
SELECT argument FROM mysql.general_log WHERE argument LIKE '%insert %'
SELECT argument FROM mysql.general_log WHERE argument LIKE '%insert %'
SET spider_direct_dup_insert = 1
insert into tbl_a values (1, 1), (2, 2), (3, 3), (4, 4), (5, 5), (6, 6)
insert ignore into tbl_a values (5, 1), (11, 1), (12, 2), (13, 3), (8, 4)
SELECT argument FROM mysql.general_log WHERE argument LIKE '%insert %'
connection child2_1;
SELECT argument FROM mysql.general_log WHERE argument LIKE '%insert %';
argument
insert into `auto_test_remote`.`tbl_a`(`id`,`c2`)values(4,4),(5,5),(6,6)
SELECT argument FROM mysql.general_log WHERE argument LIKE '%insert %'
SELECT argument FROM mysql.general_log WHERE argument LIKE '%insert %'
SELECT argument FROM mysql.general_log WHERE argument LIKE '%insert %'
SELECT argument FROM mysql.general_log WHERE argument LIKE '%insert %'
connection child2_2;
SELECT argument FROM mysql.general_log WHERE argument LIKE '%insert %';
argument
insert into `auto_test_remote_2`.`tbl_a`(`id`,`c2`)values(1,1),(2,2),(3,3)
SET spider_direct_dup_insert = 1
insert into tbl_a values (1, 1), (2, 2), (3, 3), (4, 4), (5, 5), (6, 6)
insert into tbl_a values(100, 2), (101, 3), (2, 2), (5, 5), (1, 1), (6, 6), (9, 10), (77, 5) on duplicate key update c2 = 3
SELECT argument FROM mysql.general_log WHERE argument LIKE '%insert %'
SELECT argument FROM mysql.general_log WHERE argument LIKE '%insert %'
SET spider_direct_dup_insert = 1
insert into tbl_a values (1, 1), (2, 2), (3, 3), (4, 4), (5, 5), (6, 6)
insert ignore into tbl_a values (5, 1), (11, 1), (12, 2), (13, 3), (8, 4)
SELECT argument FROM mysql.general_log WHERE argument LIKE '%insert %'
SELECT argument FROM mysql.general_log WHERE argument LIKE '%insert %'
SET spider_direct_dup_insert = 1
insert into tbl_a values (1, 1), (2, 2), (3, 3), (4, 4), (5, 5), (6, 6)
SET spider_direct_dup_insert = 1
insert into tbl_a values (1, 1), (2, 2), (3, 3), (4, 4), (5, 5), (6, 6)
insert into tbl_a values(100, 2), (101, 3), (2, 2), (5, 5), (1, 1), (6, 6), (9, 10), (77, 5) on duplicate key update c2 = 3
SELECT argument FROM mysql.general_log WHERE argument LIKE '%insert %'
SELECT argument FROM mysql.general_log WHERE argument LIKE '%insert %'
SET spider_direct_dup_insert = 1
insert into tbl_a values (1, 1), (2, 2), (3, 3), (4, 4), (5, 5), (6, 6)
insert ignore into tbl_a values (5, 1), (11, 1), (12, 2), (13, 3), (8, 4)
SELECT argument FROM mysql.general_log WHERE argument LIKE '%insert %'
SELECT argument FROM mysql.general_log WHERE argument LIKE '%insert %'

deinit
connection master_1;
SET SESSION spider_direct_insert_ignore = @spider_direct_insert_ignore_bk;
SET SESSION spider_direct_dup_insert = @spider_direct_dup_insert_bk;
DROP DATABASE IF EXISTS auto_test_local;
SET GLOBAL log_output = @old_log_output;
SET GLOBAL spider_general_log = @old_log_output1;
connection child2_1;
DROP DATABASE IF EXISTS auto_test_remote;
SET GLOBAL log_output = @old_log_output;
connection child2_2;
DROP DATABASE IF EXISTS auto_test_remote_2;
SET GLOBAL log_output = @old_log_output;
for master_1
for child2
child2_1
child2_2
child2_3
for child3
child3_1
child3_2
child3_3

end of test
