for master_1
for child2
child2_1
child2_2
child2_3
for child3
child3_1
child3_2
child3_3
for slave1_1

drop and create databases
connection master_1;
DROP DATABASE IF EXISTS auto_test_local;
CREATE DATABASE auto_test_local;
USE auto_test_local;
connection slave1_1;
DROP DATABASE IF EXISTS auto_test_local;
CREATE DATABASE auto_test_local;
USE auto_test_local;
connection child2_1;
DROP DATABASE IF EXISTS auto_test_remote;
CREATE DATABASE auto_test_remote;
USE auto_test_remote;
connection child2_2;
DROP DATABASE IF EXISTS auto_test_remote2;
CREATE DATABASE auto_test_remote2;
USE auto_test_remote2;

test select 1
connection master_1;
SELECT 1;
1
1

3.1
auto_increment
connection master_1;
connection slave1_1;
connection master_1;
DROP TABLE IF EXISTS t1, t2;
CREATE TABLE t1 (
id int(11) NOT NULL AUTO_INCREMENT,
PRIMARY KEY (id)
) MASTER_1_ENGINE MASTER_1_CHARSET MASTER_1_COMMENT_INCREMENT1_1
CREATE TABLE t2 (
id int(11) NOT NULL AUTO_INCREMENT,
PRIMARY KEY (id)
) MASTER_1_ENGINE MASTER_1_CHARSET MASTER_1_COMMENT_INCREMENT1_1
CREATE TABLE t1 (
id int(11) NOT NULL AUTO_INCREMENT,
PRIMARY KEY (id)
) SLAVE1_1_ENGINE SLAVE1_1_CHARSET SLAVE1_1_COMMENT_INCREMENT1_1
CREATE TABLE t2 (
id int(11) NOT NULL AUTO_INCREMENT,
PRIMARY KEY (id)
) SLAVE1_1_ENGINE SLAVE1_1_CHARSET SLAVE1_1_COMMENT_INCREMENT1_1
INSERT INTO t1 () VALUES ();
SELECT LAST_INSERT_ID();
LAST_INSERT_ID()
1
SELECT MAX(id) FROM t1;
MAX(id)
1
INSERT INTO t2 () VALUES ();
SELECT LAST_INSERT_ID();
LAST_INSERT_ID()
2
SELECT MAX(id) FROM t2;
MAX(id)
2
INSERT INTO t1 (id) VALUES (null);
SELECT LAST_INSERT_ID();
LAST_INSERT_ID()
3
SELECT MAX(id) FROM t1;
MAX(id)
3
INSERT INTO t2 (id) VALUES (null);
SELECT LAST_INSERT_ID();
LAST_INSERT_ID()
4
SELECT MAX(id) FROM t2;
MAX(id)
4
INSERT INTO t1 () VALUES (),(),(),();
SELECT LAST_INSERT_ID();
LAST_INSERT_ID()
5
SELECT id FROM t1 ORDER BY id;
id
1
2
3
4
5
12
29
46
INSERT INTO t2 () VALUES (),(),(),();
SELECT LAST_INSERT_ID();
LAST_INSERT_ID()
47
SELECT id FROM t2 ORDER BY id;
id
1
2
3
4
5
12
29
46
47
63
80
97
TRUNCATE TABLE t1;
TRUNCATE TABLE t2;
INSERT INTO t1 () VALUES (),(),(),();
SELECT LAST_INSERT_ID();
LAST_INSERT_ID()
1
SELECT id FROM t1 ORDER BY id;
id
1
12
29
46
INSERT INTO t2 () VALUES (),(),(),();
SELECT LAST_INSERT_ID();
LAST_INSERT_ID()
47
SELECT id FROM t2 ORDER BY id;
id
1
12
29
46
47
63
80
97
SET INSERT_ID=5000;
INSERT INTO t1 () VALUES ();
SELECT LAST_INSERT_ID();
LAST_INSERT_ID()
5000
SELECT MAX(id) FROM t1;
MAX(id)
5000
INSERT INTO t2 () VALUES ();
SELECT LAST_INSERT_ID();
LAST_INSERT_ID()
5001
SELECT MAX(id) FROM t2;
MAX(id)
5001
INSERT INTO t1 (id) VALUES (10000);
SELECT LAST_INSERT_ID();
LAST_INSERT_ID()
5001
SELECT MAX(id) FROM t1;
MAX(id)
10000
INSERT INTO t2 (id) VALUES (1000);
SELECT LAST_INSERT_ID();
LAST_INSERT_ID()
5001
SELECT MAX(id) FROM t2;
MAX(id)
10000
connection slave1_1;
SELECT id FROM t1 ORDER BY id;
id
1
2
3
4
5000
10000
connection master_1;

deinit
connection master_1;
DROP DATABASE IF EXISTS auto_test_local;
connection slave1_1;
DROP DATABASE IF EXISTS auto_test_local;
connection child2_1;
DROP DATABASE IF EXISTS auto_test_remote;
connection child2_2;
DROP DATABASE IF EXISTS auto_test_remote2;
for slave1_1
for master_1
for child2
child2_1
child2_2
child2_3
for child3
child3_1
child3_2
child3_3

end of test
