for master_1
for child2
child2_1
child2_2
child2_3
for child3
child3_1
child3_2
child3_3

drop and create databases
connection master_1;
DROP DATABASE IF EXISTS auto_test_local;
CREATE DATABASE auto_test_local;
USE auto_test_local;
connection child2_1;
DROP DATABASE IF EXISTS auto_test_remote;
CREATE DATABASE auto_test_remote;
USE auto_test_remote;
connection child2_2;
DROP DATABASE IF EXISTS auto_test_remote_2;
CREATE DATABASE auto_test_remote_2;
USE auto_test_remote_2;

create table for child
connection child2_1;
CHILD2_1_DROP_TABLES
CHILD2_1_CREATE_TABLES
connection child2_2;
CHILD2_2_DROP_TABLES
CHILD2_2_CREATE_TABLES

create table for master
connection master_1;
DROP TABLE IF EXISTS t1;;
CREATE TABLE t1 (i INT PRIMARY KEY, j JSON)ENGINE=Spider DEFAULT CHARSET=utf8 PARTITION BY LIST (CRC32(i) % 2)( PARTITION `pt0` VALUES IN (0) COMMENT = 'database "auto_test_remote", table "t1", srv "s_2_1",aim "0"', PARTITION `pt1` VALUES IN (1) COMMENT = 'database "auto_test_remote_2", table "t1", srv "s_2_2",aim "1"');;

test
connection master_1;
SHOW CREATE TABLE t1;
Table	Create Table
t1	CREATE TABLE `t1` (
  `i` int(11) NOT NULL,
  `j` json DEFAULT NULL,
  PRIMARY KEY (`i`)
) ENGINE=SPIDER DEFAULT CHARSET=utf8
 PARTITION BY LIST (crc32(`i`) MOD 2)
(PARTITION `pt0` VALUES IN (0) COMMENT = 'database "auto_test_remote", table "t1", srv "s_2_1",aim "0"' ENGINE = SPIDER,
 PARTITION `pt1` VALUES IN (1) COMMENT = 'database "auto_test_remote_2", table "t1", srv "s_2_2",aim "1"' ENGINE = SPIDER)
INSERT INTO t1 VALUES(1, '{"name" : "test"}'), (2, '{"name" : "test2"}'), (3, '{"name" : "test3"}');
SELECT * FROM t1 ORDER BY i;
i	j
1	{"name" : "test"}
2	{"name" : "test2"}
3	{"name" : "test3"}
connection child2_1;
SHOW CREATE TABLE t1;
Table	Create Table
t1	CREATE TABLE `t1` (
  `i` int(11) NOT NULL,
  `j` json DEFAULT NULL,
  PRIMARY KEY (`i`)
) ENGINE=InnoDB DEFAULT CHARSET=utf8
SELECT * FROM t1 ORDER BY i;
i	j
connection child2_2;
SHOW CREATE TABLE t1;
Table	Create Table
t1	CREATE TABLE `t1` (
  `i` int(11) NOT NULL,
  `j` json DEFAULT NULL,
  PRIMARY KEY (`i`)
) ENGINE=InnoDB DEFAULT CHARSET=utf8
SELECT * FROM t1 ORDER BY i;
i	j
1	{"name" : "test"}
2	{"name" : "test2"}
3	{"name" : "test3"}

deinit
connection master_1;
DROP DATABASE IF EXISTS auto_test_local;
connection child2_1;
DROP DATABASE IF EXISTS auto_test_remote;
connection child2_2;
DROP DATABASE IF EXISTS auto_test_remote_2;
for master_1
for child2
child2_1
child2_2
child2_3
for child3
child3_1
child3_2
child3_3

end of test
