for master_1
for child2
child2_1
child2_2
child2_3
for child3
child3_1
child3_2
child3_3

drop and create databases
connection master_1;
DROP DATABASE IF EXISTS auto_test_local;
SET @old_log_output = @@global.log_output;
SET @old_log_output1 = @@global.spider_general_log;
SET GLOBAL log_output = 'TABLE,FILE';
set global spider_general_log=1;
TRUNCATE TABLE mysql.general_log;
CREATE DATABASE auto_test_local;
USE auto_test_local;
connection child2_1;
DROP DATABASE IF EXISTS auto_test_remote;
CREATE DATABASE auto_test_remote;
USE auto_test_remote;
connection child2_2;
DROP DATABASE IF EXISTS auto_test_remote_2;
CREATE DATABASE auto_test_remote_2;
USE auto_test_remote_2;

create table for child
connection child2_1;
CHILD2_1_DROP_TABLES
CHILD2_1_CREATE_TABLES
SET @old_log_output = @@global.log_output;
TRUNCATE TABLE mysql.general_log;
set global log_output = 'TABLE';
connection child2_2;
CHILD2_2_DROP_TABLES
CHILD2_2_CREATE_TABLES
SET @old_log_output = @@global.log_output;
TRUNCATE TABLE mysql.general_log;
set global log_output = 'TABLE';

create table for master
connection master_1;
DROP TABLE IF EXISTS ta_l;
CREATE TABLE tbl_a (
`id` varbinary(767) not null,
name blob not null,
primary key (id)
) ENGINE=Spider  PARTITION BY LIST (crc32(id)%2)
(PARTITION pt0 VALUES IN (0) COMMENT = 'database "auto_test_remote", table "tbl_a", srv "s_2_1",aim "0"',
PARTITION pt1 VALUES IN (1) COMMENT = 'database "auto_test_remote_2", table "tbl_a", srv "s_2_2",aim "1"');
insert into tbl_a (id,name) value('腾讯是一家游戏公司','tencent_game');
insert into tbl_a (id,name) value('腾讯是一家互联网公司','tencent_internet');
insert into tbl_a (id,name) value('微信','wechat');
select hex(id) from tbl_a where id=0xE5BEAEE4BFA1;
hex(id)
E5BEAEE4BFA1

select for master
connection child2_1;
connection child2_2;

deinit
connection master_1;
DROP DATABASE IF EXISTS auto_test_local;
SET GLOBAL log_output = @old_log_output;
SET GLOBAL spider_general_log = @old_log_output1;
connection child2_1;
DROP DATABASE IF EXISTS auto_test_remote;
SET GLOBAL log_output = @old_log_output;
connection child2_2;
DROP DATABASE IF EXISTS auto_test_remote_2;
SET GLOBAL log_output = @old_log_output;
for master_1
for child2
child2_1
child2_2
child2_3
for child3
child3_1
child3_2
child3_3

end of test
